Column1,subj,cat,seed,left_alpha,right_alpha,delta_alpha,correct_key,user_key,eval,time
0,mr_artificial,28,5,0,0.02,0.02,right,left,0,1.908
1,mr_artificial,13,4,0.02,0,0.02,left,right,0,0.755
2,mr_artificial,18,2,-0.02,0,-0.02,right,left,1,0.457
3,mr_artificial,15,4,-0.01,0,-0.01,right,right,1,0.449
4,mr_artificial,8,7,0,0.03,0.03,right,left,1,0.46
5,mr_artificial,29,1,0,0.03,0.03,right,left,1,0.213
6,mr_artificial,27,6,0,0.01,0.01,right,left,0,0.197
7,mr_artificial,27,5,0.02,0,0.02,left,right,0,0.218
8,mr_artificial,23,4,0,-0.01,-0.01,left,left,0,0.226
9,mr_artificial,17,5,0.02,0,0.02,left,right,0,0.268
10,mr_artificial,3,7,0,0.03,0.03,right,left,1,0.234
11,mr_artificial,2,7,0.02,0,0.02,left,left,0,0.165
12,mr_artificial,26,8,0,-0.03,-0.03,left,left,1,0.245
13,mr_artificial,29,5,0.03,0,0.03,left,right,1,0.261
14,mr_artificial,2,0,0,0.03,0.03,right,left,1,0.251
15,mr_artificial,0,2,-0.01,0,-0.01,right,left,1,0.314
16,mr_artificial,13,5,0,-0.02,-0.02,left,left,1,0.229
17,mr_artificial,28,4,0,-0.02,-0.02,left,right,1,0.237
18,mr_artificial,21,5,0.03,0,0.03,left,right,1,0.39
19,mr_artificial,10,1,0,-0.01,-0.01,left,left,0,0.284
20,mr_artificial,0,4,0,-0.01,-0.01,left,left,1,0.226
21,mr_artificial,22,7,0.03,0,0.03,left,left,1,0.195
22,mr_artificial,28,5,0,-0.02,-0.02,left,right,1,0.396
23,mr_artificial,27,3,-0.02,0,-0.02,right,right,1,0.261
24,mr_artificial,30,8,-0.03,0,-0.03,right,right,1,0.482
25,mr_artificial,9,1,-0.01,0,-0.01,right,right,0,0.352
26,mr_artificial,4,5,0.01,0,0.01,left,right,1,0.278
27,mr_artificial,25,6,0.02,0,0.02,left,left,0,0.412
28,mr_artificial,20,6,-0.01,0,-0.01,right,left,1,0.313
29,mr_artificial,25,3,0,-0.02,-0.02,left,left,1,0.189
30,mr_artificial,0,6,0.01,0,0.01,left,right,0,0.22
31,mr_artificial,3,5,0,0.01,0.01,right,left,1,0.333
32,mr_artificial,10,2,0,0.03,0.03,right,right,1,0.178
33,mr_artificial,18,6,-0.01,0,-0.01,right,left,0,0.234
34,mr_artificial,3,7,0.03,0,0.03,left,left,1,0.169
35,mr_artificial,23,4,0,-0.02,-0.02,left,left,1,0.213
36,mr_artificial,5,4,0.01,0,0.01,left,right,0,0.229
37,mr_artificial,9,5,-0.01,0,-0.01,right,left,1,0.346
38,mr_artificial,4,3,0,-0.03,-0.03,left,left,1,0.189
39,mr_artificial,20,5,-0.02,0,-0.02,right,right,1,0.241
40,mr_artificial,0,0,-0.01,0,-0.01,right,left,0,0.397
41,mr_artificial,25,4,-0.02,0,-0.02,right,left,1,0.193
42,mr_artificial,6,7,-0.02,0,-0.02,right,right,1,0.185
43,mr_artificial,10,6,0.02,0,0.02,left,right,0,0.226
44,mr_artificial,24,3,0.02,0,0.02,left,right,1,0.189
45,mr_artificial,8,4,0,-0.03,-0.03,left,left,1,0.226
46,mr_artificial,6,0,0,-0.02,-0.02,left,left,1,0.211
47,mr_artificial,1,2,0.03,0,0.03,left,left,1,0.17
48,mr_artificial,22,1,0.01,0,0.01,left,right,1,0.149
49,mr_artificial,28,5,0.02,0,0.02,left,right,1,0.216
50,mr_artificial,2,6,0,0.02,0.02,right,left,1,0.233
51,mr_artificial,28,1,0,-0.01,-0.01,left,right,1,0.369
52,mr_artificial,18,0,0.03,0,0.03,left,left,1,0.189
53,mr_artificial,0,5,0,-0.02,-0.02,left,left,1,0.217
54,mr_artificial,14,7,-0.03,0,-0.03,right,left,1,0.197
55,mr_artificial,21,2,-0.03,0,-0.03,right,right,1,0.149
56,mr_artificial,23,8,0,-0.01,-0.01,left,right,0,0.413
57,mr_artificial,10,3,0,0.01,0.01,right,left,0,0.164
58,mr_artificial,20,2,-0.03,0,-0.03,right,right,1,0.133
59,mr_artificial,29,1,-0.01,0,-0.01,right,left,1,0.085
60,mr_artificial,26,8,-0.03,0,-0.03,right,right,1,0.129
61,mr_artificial,12,7,-0.02,0,-0.02,right,left,1,0.069
62,mr_artificial,22,7,-0.02,0,-0.02,right,right,1,0.11
63,mr_artificial,20,7,0,-0.03,-0.03,left,left,1,0.097
64,mr_artificial,9,0,-0.03,0,-0.03,right,right,1,0.122
65,mr_artificial,8,3,0,-0.02,-0.02,left,left,1,0.081
66,mr_artificial,10,3,0,0.01,0.01,right,right,1,0.153
67,mr_artificial,6,6,-0.03,0,-0.03,right,left,1,0.078
68,mr_artificial,23,7,0.03,0,0.03,left,right,1,0.156
69,mr_artificial,11,4,0,0.03,0.03,right,left,1,0.113
70,mr_artificial,9,0,0,-0.02,-0.02,left,right,1,0.149
71,mr_artificial,20,6,-0.03,0,-0.03,right,left,1,0.077
72,mr_artificial,26,8,0,0.01,0.01,right,right,0,0.145
73,mr_artificial,27,7,-0.01,0,-0.01,right,left,0,0.116
74,mr_artificial,21,3,0,-0.01,-0.01,left,right,1,0.146
75,mr_artificial,4,1,0,-0.03,-0.03,left,left,1,0.093
76,mr_artificial,2,3,0,-0.01,-0.01,left,right,0,0.149
77,mr_artificial,24,8,0.02,0,0.02,left,left,1,0.069
78,mr_artificial,25,3,-0.02,0,-0.02,right,right,1,0.169
79,mr_artificial,0,0,0,-0.02,-0.02,left,left,1,0.089
80,mr_artificial,25,3,-0.01,0,-0.01,right,right,1,0.156
81,mr_artificial,1,7,0,0.02,0.02,right,left,1,0.165
82,mr_artificial,12,6,0,0.02,0.02,right,right,1,0.179
83,mr_artificial,13,1,0.01,0,0.01,left,left,1,0.083
84,mr_artificial,13,2,0,-0.03,-0.03,left,right,1,0.146
85,mr_artificial,27,8,0.03,0,0.03,left,left,1,0.101
86,mr_artificial,4,2,0,-0.01,-0.01,left,right,0,0.157
87,mr_artificial,2,1,0.03,0,0.03,left,left,1,0.114
88,mr_artificial,30,7,0,-0.03,-0.03,left,right,1,0.13
89,mr_artificial,25,1,0,-0.01,-0.01,left,left,1,0.085
90,mr_artificial,3,5,0.03,0,0.03,left,right,1,0.141
91,mr_artificial,19,4,0,-0.01,-0.01,left,left,0,0.106
92,mr_artificial,27,3,0,-0.02,-0.02,left,right,0,0.169
93,mr_artificial,6,1,0,-0.01,-0.01,left,left,1,0.082
94,mr_artificial,8,7,0,-0.01,-0.01,left,right,0,0.14
95,mr_artificial,3,3,-0.01,0,-0.01,right,left,1,0.077
96,mr_artificial,8,2,0.01,0,0.01,left,right,0,0.138
97,mr_artificial,5,6,-0.02,0,-0.02,right,left,0,0.074
98,mr_artificial,29,4,-0.03,0,-0.03,right,right,1,0.138
99,mr_artificial,15,2,0,0.02,0.02,right,left,1,0.09
100,mr_artificial,29,5,-0.03,0,-0.03,right,right,1,0.133
101,mr_artificial,22,8,-0.03,0,-0.03,right,left,1,0.121
102,mr_artificial,1,3,0,-0.02,-0.02,left,right,0,0.157
103,mr_artificial,9,1,0.01,0,0.01,left,left,1,0.129
104,mr_artificial,2,6,0.03,0,0.03,left,right,1,0.117
105,mr_artificial,20,3,0.01,0,0.01,left,left,0,0.154
106,mr_artificial,6,8,0,0.03,0.03,right,right,1,0.101
107,mr_artificial,17,6,0.02,0,0.02,left,left,1,0.154
108,mr_artificial,30,3,0,-0.01,-0.01,left,right,0,0.079
109,mr_artificial,22,6,-0.02,0,-0.02,right,left,0,0.133
110,mr_artificial,25,2,-0.01,0,-0.01,right,right,1,0.108
111,mr_artificial,21,7,0,0.02,0.02,right,left,1,0.102
112,mr_artificial,25,5,-0.01,0,-0.01,right,right,0,0.149
113,mr_artificial,19,3,0.03,0,0.03,left,left,1,0.098
114,mr_artificial,0,8,0,0.01,0.01,right,right,1,0.154
115,mr_artificial,26,8,-0.02,0,-0.02,right,left,0,0.109
116,mr_artificial,20,7,0,-0.01,-0.01,left,right,1,0.141
117,mr_artificial,19,5,-0.03,0,-0.03,right,left,1,0.105
118,mr_artificial,6,1,0,0.02,0.02,right,right,1,0.157
119,mr_artificial,21,1,0,-0.01,-0.01,left,left,0,0.085
120,mr_artificial,2,1,0.02,0,0.02,left,right,1,0.157
121,mr_artificial,24,6,0.01,0,0.01,left,left,0,0.073
122,mr_artificial,16,8,-0.03,0,-0.03,right,right,1,0.162
123,mr_artificial,19,4,0.03,0,0.03,left,left,1,0.077
124,mr_artificial,22,1,0.01,0,0.01,left,right,1,0.169
125,mr_artificial,29,2,0,-0.03,-0.03,left,left,1,0.117
126,mr_artificial,21,5,0.02,0,0.02,left,right,1,0.154
127,mr_artificial,6,1,0,0.03,0.03,right,left,1,0.085
128,mr_artificial,20,1,0,0.02,0.02,right,right,1,0.141
129,mr_artificial,26,0,-0.03,0,-0.03,right,left,1,0.084
130,mr_artificial,1,6,-0.01,0,-0.01,right,right,1,0.329
131,mr_artificial,16,4,0,0.02,0.02,right,left,1,0.72
132,mr_artificial,22,8,0,0.02,0.02,right,right,1,0.125
133,mr_artificial,24,8,0,-0.01,-0.01,left,left,0,0.125
134,mr_artificial,2,3,0,0.02,0.02,right,right,1,0.165
135,mr_artificial,3,2,-0.03,0,-0.03,right,left,1,0.093
136,mr_artificial,27,4,0,-0.02,-0.02,left,left,0,0.317
137,mr_artificial,27,2,-0.01,0,-0.01,right,right,1,0.156
138,mr_artificial,9,5,0,0.02,0.02,right,left,1,0.133
139,mr_artificial,15,8,0,0.02,0.02,right,right,1,0.164
140,mr_artificial,28,5,0.02,0,0.02,left,left,1,0.088
141,mr_artificial,15,6,-0.02,0,-0.02,right,right,0,0.268
142,mr_artificial,18,6,0,0.02,0.02,right,left,1,0.172
143,mr_artificial,12,0,0.02,0,0.02,left,right,1,0.14
