,subj,cat,seed,left_alpha,right_alpha,delta_alpha,correct_key,user_key,eval,time
0,mr_random,28,5,0,0.02,0.02,right,left,0,1.908
1,mr_random,13,4,0.02,0,0.02,left,right,0,0.755
2,mr_random,18,2,-0.02,0,-0.02,right,left,0,0.457
3,mr_random,15,4,-0.01,0,-0.01,right,right,1,0.449
4,mr_random,8,7,0,0.03,0.03,right,left,0,0.46
5,mr_random,29,1,0,0.03,0.03,right,left,0,0.213
6,mr_random,27,6,0,0.01,0.01,right,left,0,0.197
7,mr_random,27,5,0.02,0,0.02,left,right,0,0.218
8,mr_random,23,4,0,-0.01,-0.01,left,left,1,0.226
9,mr_random,17,5,0.02,0,0.02,left,right,0,0.268
10,mr_random,3,7,0,0.03,0.03,right,left,0,0.234
11,mr_random,2,7,0.02,0,0.02,left,left,1,0.165
12,mr_random,26,8,0,-0.03,-0.03,left,left,1,0.245
13,mr_random,29,5,0.03,0,0.03,left,right,0,0.261
14,mr_random,2,0,0,0.03,0.03,right,left,0,0.251
15,mr_random,0,2,-0.01,0,-0.01,right,left,0,0.314
16,mr_random,13,5,0,-0.02,-0.02,left,left,1,0.229
17,mr_random,28,4,0,-0.02,-0.02,left,right,0,0.237
18,mr_random,21,5,0.03,0,0.03,left,right,0,0.39
19,mr_random,10,1,0,-0.01,-0.01,left,left,1,0.284
20,mr_random,0,4,0,-0.01,-0.01,left,left,1,0.226
21,mr_random,22,7,0.03,0,0.03,left,left,1,0.195
22,mr_random,28,5,0,-0.02,-0.02,left,right,0,0.396
23,mr_random,27,3,-0.02,0,-0.02,right,right,1,0.261
24,mr_random,30,8,-0.03,0,-0.03,right,right,1,0.482
25,mr_random,9,1,-0.01,0,-0.01,right,right,1,0.352
26,mr_random,4,5,0.01,0,0.01,left,right,0,0.278
27,mr_random,25,6,0.02,0,0.02,left,left,1,0.412
28,mr_random,20,6,-0.01,0,-0.01,right,left,0,0.313
29,mr_random,25,3,0,-0.02,-0.02,left,left,1,0.189
30,mr_random,0,6,0.01,0,0.01,left,right,0,0.22
31,mr_random,3,5,0,0.01,0.01,right,left,0,0.333
32,mr_random,10,2,0,0.03,0.03,right,right,1,0.178
33,mr_random,18,6,-0.01,0,-0.01,right,left,0,0.234
34,mr_random,3,7,0.03,0,0.03,left,left,1,0.169
35,mr_random,23,4,0,-0.02,-0.02,left,left,1,0.213
36,mr_random,5,4,0.01,0,0.01,left,right,0,0.229
37,mr_random,9,5,-0.01,0,-0.01,right,left,0,0.346
38,mr_random,4,3,0,-0.03,-0.03,left,left,1,0.189
39,mr_random,20,5,-0.02,0,-0.02,right,right,1,0.241
40,mr_random,0,0,-0.01,0,-0.01,right,left,0,0.397
41,mr_random,25,4,-0.02,0,-0.02,right,left,0,0.193
42,mr_random,6,7,-0.02,0,-0.02,right,right,1,0.185
43,mr_random,10,6,0.02,0,0.02,left,right,0,0.226
44,mr_random,24,3,0.02,0,0.02,left,right,0,0.189
45,mr_random,8,4,0,-0.03,-0.03,left,left,1,0.226
46,mr_random,6,0,0,-0.02,-0.02,left,left,1,0.211
47,mr_random,1,2,0.03,0,0.03,left,left,1,0.17
48,mr_random,22,1,0.01,0,0.01,left,right,0,0.149
49,mr_random,28,5,0.02,0,0.02,left,right,0,0.216
50,mr_random,2,6,0,0.02,0.02,right,left,0,0.233
51,mr_random,28,1,0,-0.01,-0.01,left,right,0,0.369
52,mr_random,18,0,0.03,0,0.03,left,left,1,0.189
53,mr_random,0,5,0,-0.02,-0.02,left,left,1,0.217
54,mr_random,14,7,-0.03,0,-0.03,right,left,0,0.197
55,mr_random,21,2,-0.03,0,-0.03,right,right,1,0.149
56,mr_random,23,8,0,-0.01,-0.01,left,right,0,0.413
57,mr_random,10,3,0,0.01,0.01,right,left,0,0.164
58,mr_random,20,2,-0.03,0,-0.03,right,right,1,0.133
59,mr_random,29,1,-0.01,0,-0.01,right,left,0,0.085
60,mr_random,26,8,-0.03,0,-0.03,right,right,1,0.129
61,mr_random,12,7,-0.02,0,-0.02,right,left,0,0.069
62,mr_random,22,7,-0.02,0,-0.02,right,right,1,0.11
63,mr_random,20,7,0,-0.03,-0.03,left,left,1,0.097
64,mr_random,9,0,-0.03,0,-0.03,right,right,1,0.122
65,mr_random,8,3,0,-0.02,-0.02,left,left,1,0.081
66,mr_random,10,3,0,0.01,0.01,right,right,1,0.153
67,mr_random,6,6,-0.03,0,-0.03,right,left,0,0.078
68,mr_random,23,7,0.03,0,0.03,left,right,0,0.156
69,mr_random,11,4,0,0.03,0.03,right,left,0,0.113
70,mr_random,9,0,0,-0.02,-0.02,left,right,0,0.149
71,mr_random,20,6,-0.03,0,-0.03,right,left,0,0.077
72,mr_random,26,8,0,0.01,0.01,right,right,1,0.145
73,mr_random,27,7,-0.01,0,-0.01,right,left,0,0.116
74,mr_random,21,3,0,-0.01,-0.01,left,right,0,0.146
75,mr_random,4,1,0,-0.03,-0.03,left,left,1,0.093
76,mr_random,2,3,0,-0.01,-0.01,left,right,0,0.149
77,mr_random,24,8,0.02,0,0.02,left,left,1,0.069
78,mr_random,25,3,-0.02,0,-0.02,right,right,1,0.169
79,mr_random,0,0,0,-0.02,-0.02,left,left,1,0.089
80,mr_random,25,3,-0.01,0,-0.01,right,right,1,0.156
81,mr_random,1,7,0,0.02,0.02,right,left,0,0.165
82,mr_random,12,6,0,0.02,0.02,right,right,1,0.179
83,mr_random,13,1,0.01,0,0.01,left,left,1,0.083
84,mr_random,13,2,0,-0.03,-0.03,left,right,0,0.146
85,mr_random,27,8,0.03,0,0.03,left,left,1,0.101
86,mr_random,4,2,0,-0.01,-0.01,left,right,0,0.157
87,mr_random,2,1,0.03,0,0.03,left,left,1,0.114
88,mr_random,30,7,0,-0.03,-0.03,left,right,0,0.13
89,mr_random,25,1,0,-0.01,-0.01,left,left,1,0.085
90,mr_random,3,5,0.03,0,0.03,left,right,0,0.141
91,mr_random,19,4,0,-0.01,-0.01,left,left,1,0.106
92,mr_random,27,3,0,-0.02,-0.02,left,right,0,0.169
93,mr_random,6,1,0,-0.01,-0.01,left,left,1,0.082
94,mr_random,8,7,0,-0.01,-0.01,left,right,0,0.14
95,mr_random,3,3,-0.01,0,-0.01,right,left,0,0.077
96,mr_random,8,2,0.01,0,0.01,left,right,0,0.138
97,mr_random,5,6,-0.02,0,-0.02,right,left,0,0.074
98,mr_random,29,4,-0.03,0,-0.03,right,right,1,0.138
99,mr_random,15,2,0,0.02,0.02,right,left,0,0.09
100,mr_random,29,5,-0.03,0,-0.03,right,right,1,0.133
101,mr_random,22,8,-0.03,0,-0.03,right,left,0,0.121
102,mr_random,1,3,0,-0.02,-0.02,left,right,0,0.157
103,mr_random,9,1,0.01,0,0.01,left,left,1,0.129
104,mr_random,2,6,0.03,0,0.03,left,right,0,0.117
105,mr_random,20,3,0.01,0,0.01,left,left,1,0.154
106,mr_random,6,8,0,0.03,0.03,right,right,1,0.101
107,mr_random,17,6,0.02,0,0.02,left,left,1,0.154
108,mr_random,30,3,0,-0.01,-0.01,left,right,0,0.079
109,mr_random,22,6,-0.02,0,-0.02,right,left,0,0.133
110,mr_random,25,2,-0.01,0,-0.01,right,right,1,0.108
111,mr_random,21,7,0,0.02,0.02,right,left,0,0.102
112,mr_random,25,5,-0.01,0,-0.01,right,right,1,0.149
113,mr_random,19,3,0.03,0,0.03,left,left,1,0.098
114,mr_random,0,8,0,0.01,0.01,right,right,1,0.154
115,mr_random,26,8,-0.02,0,-0.02,right,left,0,0.109
116,mr_random,20,7,0,-0.01,-0.01,left,right,0,0.141
117,mr_random,19,5,-0.03,0,-0.03,right,left,0,0.105
118,mr_random,6,1,0,0.02,0.02,right,right,1,0.157
119,mr_random,21,1,0,-0.01,-0.01,left,left,1,0.085
120,mr_random,2,1,0.02,0,0.02,left,right,0,0.157
121,mr_random,24,6,0.01,0,0.01,left,left,1,0.073
122,mr_random,16,8,-0.03,0,-0.03,right,right,1,0.162
123,mr_random,19,4,0.03,0,0.03,left,left,1,0.077
124,mr_random,22,1,0.01,0,0.01,left,right,0,0.169
125,mr_random,29,2,0,-0.03,-0.03,left,left,1,0.117
126,mr_random,21,5,0.02,0,0.02,left,right,0,0.154
127,mr_random,6,1,0,0.03,0.03,right,left,0,0.085
128,mr_random,20,1,0,0.02,0.02,right,right,1,0.141
129,mr_random,26,0,-0.03,0,-0.03,right,left,0,0.084
130,mr_random,1,6,-0.01,0,-0.01,right,right,1,0.329
131,mr_random,16,4,0,0.02,0.02,right,left,0,0.72
132,mr_random,22,8,0,0.02,0.02,right,right,1,0.125
133,mr_random,24,8,0,-0.01,-0.01,left,left,1,0.125
134,mr_random,2,3,0,0.02,0.02,right,right,1,0.165
135,mr_random,3,2,-0.03,0,-0.03,right,left,0,0.093
136,mr_random,27,4,0,-0.02,-0.02,left,left,1,0.317
137,mr_random,27,2,-0.01,0,-0.01,right,right,1,0.156
138,mr_random,9,5,0,0.02,0.02,right,left,0,0.133
139,mr_random,15,8,0,0.02,0.02,right,right,1,0.164
140,mr_random,28,5,0.02,0,0.02,left,left,1,0.088
141,mr_random,15,6,-0.02,0,-0.02,right,right,1,0.268
142,mr_random,18,6,0,0.02,0.02,right,left,0,0.172
143,mr_random,12,0,0.02,0,0.02,left,right,0,0.14
